<?xml version="1.0" encoding="UTF-8"?>
<stock xmlns:xsi="http://www.w3.org/2001/XMLSchema-instance" xsi:noNamespaceSchemaLocation="cars.xsd">
    <new-car>
        <model>Fiat Panda</model>
        <price>12000</price>
    </new-car>
    <used-car>
        <model>Flat Bravo</model>
        <price>4000</price>
        <mileage>1000</mileage>
        <condition>good</condition>
    </used-car>
    <used-car>
        <model>Ferrari</model>
        <price>400000</price>
        <mileage>100</mileage>
    </used-car>
</stock>