<?xml version="1.0" encoding="UTF-8"?>
<Employee_Info xmlns:xsi="http://www.w3.org/2001/XMLSchema-instance" xsi:noNamespaceSchemaLocation="employee.xsd">
    <Employee Employee_Number = "301">
        <Name>Jagadheesh</Name>
        <Department>CSE</Department>
        <Telephone>9381892320</Telephone>
        <Email>jagadheesh@gmail.com</Email>
    </Employee> 
    <Employee Employee_Number = "065">
        <Name>Adesh</Name>
        <Department>CSE</Department>
        <Telephone>8542135434</Telephone>
        <Email>adesh@gmail.com</Email>
    </Employee> 
</Employee_Info>