<?xml version="1.0" encoding="UTF-8"?>
<!DOCTYPE stock
[
<!ELEMENT stock (new-car,used-car)>
<!ELEMENT new-car (model,price)>
<!ELEMENT used-car (model,price,mileage,condition)>
<!ELEMENT model (#PCDATA)>
<!ELEMENT price (#PCDATA)>
<!ELEMENT mileage (#PCDATA)>
<!ELEMENT condition (#PCDATA)>
]>
<stock>
    <new-car>
        <model>Fiat Panda</model>
        <price>12000</price>
    </new-car>
    <used-car>
        <model>Fiat Bravo</model>
        <price>4000</price>
        <mileage>1000</mileage>
        <condition>Good</condition>
    </used-car>
    <used-car>
        <model>Ferrari</model>
        <price>400000</price>
        <mileage>100</mileage>
    </used-car>
</stock>
