<?xml version="1.0" encoding="UTF-8"?>
<!DOCTYPE bibliography[
<!ELEMENT bibliography (book+)>
<!ELEMENT book (title,author*,publisher?,year?,section*)>
<!ELEMENT title (#PCDATA)>
<!ELEMENT author (#PCDATA)>
<!ELEMENT publisher (#PCDATA)>
<!ELEMENT year (#PCDATA)>
<!ELEMENT section (#PCDATA)>
<!ATTLIST book ISBN ID #REQUIRED>
<!ATTLIST book price CDATA #IMPLIED>
]>
<bibliography>
    <book price="550" ISBN="ISBN-1002">
        <title>Attack on Titan</title>
        <author>Hajime Isayama</author>
        <publisher>Kodansha</publisher>
        <section>S4</section>
    </book>
    <book ISBN="ISBN-1984">
        <title>Jujutsu Kaisen</title>
        <author>Gege Akutami</author>
        <publisher>Viz Media</publisher>
        <year>2023</year>
        <section>S1</section>
        <section>S2</section>
    </book>
</bibliography>
